[
    {
        "score": 7360,
        "coefNbLigneSupp": 80,
        "coefCasePerdu": 32,
        "coefCaseManquantes": 161,
        "coefHauteurRect": 72
    },
    {
        "score": 7360,
        "coefNbLigneSupp": 93,
        "coefCasePerdu": 33,
        "coefCaseManquantes": 163,
        "coefHauteurRect": 66
    },
    {
        "score": 6040,
        "coefNbLigneSupp": 95,
        "coefCasePerdu": 45,
        "coefCaseManquantes": 165,
        "coefHauteurRect": 60
    },
    {
        "score": 6040,
        "coefNbLigneSupp": 93,
        "coefCasePerdu": 72,
        "coefCaseManquantes": 186,
        "coefHauteurRect": 73
    },
    {
        "score": 6040,
        "coefNbLigneSupp": 84,
        "coefCasePerdu": 65,
        "coefCaseManquantes": 202,
        "coefHauteurRect": 72
    },
    {
        "score": 5340,
        "coefNbLigneSupp": 96,
        "coefCasePerdu": 30,
        "coefCaseManquantes": 200,
        "coefHauteurRect": 52
    },
    {
        "score": 4480,
        "coefNbLigneSupp": 110,
        "coefCasePerdu": 73,
        "coefCaseManquantes": 194,
        "coefHauteurRect": 67
    },
    {
        "score": 3460,
        "coefNbLigneSupp": 92,
        "coefCasePerdu": 55,
        "coefCaseManquantes": 181,
        "coefHauteurRect": 49
    },
    {
        "score": 3460,
        "coefNbLigneSupp": 82,
        "coefCasePerdu": 44,
        "coefCaseManquantes": 171,
        "coefHauteurRect": 43
    },
    {
        "score": 3460,
        "coefNbLigneSupp": 75,
        "coefCasePerdu": 74,
        "coefCaseManquantes": 168,
        "coefHauteurRect": 52
    },
    {
        "score": 3000,
        "coefNbLigneSupp": 106,
        "coefCasePerdu": 77,
        "coefCaseManquantes": 188,
        "coefHauteurRect": 39
    },
    {
        "score": 2820,
        "coefNbLigneSupp": 83,
        "coefCasePerdu": 57,
        "coefCaseManquantes": 189,
        "coefHauteurRect": 36
    },
    {
        "score": 2820,
        "coefNbLigneSupp": 107,
        "coefCasePerdu": 66,
        "coefCaseManquantes": 199,
        "coefHauteurRect": 33
    },
    {
        "score": 2820,
        "coefNbLigneSupp": 116,
        "coefCasePerdu": 52,
        "coefCaseManquantes": 177,
        "coefHauteurRect": 45
    },
    {
        "score": 2820,
        "coefNbLigneSupp": 100,
        "coefCasePerdu": 51,
        "coefCaseManquantes": 184,
        "coefHauteurRect": 32
    },
    {
        "score": 2820,
        "coefNbLigneSupp": 86,
        "coefCasePerdu": 42,
        "coefCaseManquantes": 177,
        "coefHauteurRect": 38
    },
    {
        "score": 2820,
        "coefNbLigneSupp": 80,
        "coefCasePerdu": 50,
        "coefCaseManquantes": 188,
        "coefHauteurRect": 34
    },
    {
        "score": 2820,
        "coefNbLigneSupp": 104,
        "coefCasePerdu": 44,
        "coefCaseManquantes": 163,
        "coefHauteurRect": 40
    },
    {
        "score": 1400,
        "coefNbLigneSupp": 90,
        "coefCasePerdu": 65,
        "coefCaseManquantes": 180,
        "coefHauteurRect": 31
    },
    {
        "score": 1400,
        "coefNbLigneSupp": 94,
        "coefCasePerdu": 79,
        "coefCaseManquantes": 161,
        "coefHauteurRect": 36
    },
    {
        "score": 1400,
        "coefNbLigneSupp": 107,
        "coefCasePerdu": 76,
        "coefCaseManquantes": 156,
        "coefHauteurRect": 32
    },
    {
        "score": 1400,
        "coefNbLigneSupp": 83,
        "coefCasePerdu": 57,
        "coefCaseManquantes": 160,
        "coefHauteurRect": 27
    },
    {
        "score": 1160,
        "coefNbLigneSupp": 101,
        "coefCasePerdu": 57,
        "coefCaseManquantes": 187,
        "coefHauteurRect": 62
    },
    {
        "score": 1160,
        "coefNbLigneSupp": 105,
        "coefCasePerdu": 48,
        "coefCaseManquantes": 186,
        "coefHauteurRect": 54
    },
    {
        "score": 1160,
        "coefNbLigneSupp": 106,
        "coefCasePerdu": 58,
        "coefCaseManquantes": 194,
        "coefHauteurRect": 58
    }
]