[
    {
        "score": 4240,
        "coefNbLigneSupp": 90,
        "coefCasePerdu": 28,
        "coefCaseManquantes": 160,
        "coefHauteurRect": 62
    },
    {
        "score": 2800,
        "coefNbLigneSupp": 83,
        "coefCasePerdu": 19,
        "coefCaseManquantes": 148,
        "coefHauteurRect": 82
    },
    {
        "score": 2800,
        "coefNbLigneSupp": 84,
        "coefCasePerdu": 19,
        "coefCaseManquantes": 150,
        "coefHauteurRect": 83
    },
    {
        "score": 2800,
        "coefNbLigneSupp": 74,
        "coefCasePerdu": 31,
        "coefCaseManquantes": 164,
        "coefHauteurRect": 82
    },
    {
        "score": 2760,
        "coefNbLigneSupp": 68,
        "coefCasePerdu": 37,
        "coefCaseManquantes": 149,
        "coefHauteurRect": 75
    },
    {
        "score": 2760,
        "coefNbLigneSupp": 72,
        "coefCasePerdu": 42,
        "coefCaseManquantes": 151,
        "coefHauteurRect": 83
    },
    {
        "score": 2340,
        "coefNbLigneSupp": 80,
        "coefCasePerdu": 32,
        "coefCaseManquantes": 161,
        "coefHauteurRect": 72
    },
    {
        "score": 2340,
        "coefNbLigneSupp": 67,
        "coefCasePerdu": 41,
        "coefCaseManquantes": 155,
        "coefHauteurRect": 64
    },
    {
        "score": 2340,
        "coefNbLigneSupp": 78,
        "coefCasePerdu": 19,
        "coefCaseManquantes": 151,
        "coefHauteurRect": 70
    },
    {
        "score": 2340,
        "coefNbLigneSupp": 85,
        "coefCasePerdu": 26,
        "coefCaseManquantes": 169,
        "coefHauteurRect": 80
    },
    {
        "score": 2340,
        "coefNbLigneSupp": 73,
        "coefCasePerdu": 30,
        "coefCaseManquantes": 153,
        "coefHauteurRect": 61
    },
    {
        "score": 2340,
        "coefNbLigneSupp": 78,
        "coefCasePerdu": 24,
        "coefCaseManquantes": 159,
        "coefHauteurRect": 71
    },
    {
        "score": 2340,
        "coefNbLigneSupp": 81,
        "coefCasePerdu": 19,
        "coefCaseManquantes": 170,
        "coefHauteurRect": 68
    },
    {
        "score": 2340,
        "coefNbLigneSupp": 83,
        "coefCasePerdu": 39,
        "coefCaseManquantes": 164,
        "coefHauteurRect": 76
    },
    {
        "score": 2340,
        "coefNbLigneSupp": 82,
        "coefCasePerdu": 42,
        "coefCaseManquantes": 162,
        "coefHauteurRect": 78
    },
    {
        "score": 2340,
        "coefNbLigneSupp": 70,
        "coefCasePerdu": 36,
        "coefCaseManquantes": 162,
        "coefHauteurRect": 72
    },
    {
        "score": 2340,
        "coefNbLigneSupp": 74,
        "coefCasePerdu": 27,
        "coefCaseManquantes": 165,
        "coefHauteurRect": 78
    },
    {
        "score": 2340,
        "coefNbLigneSupp": 76,
        "coefCasePerdu": 19,
        "coefCaseManquantes": 164,
        "coefHauteurRect": 78
    },
    {
        "score": 2340,
        "coefNbLigneSupp": 74,
        "coefCasePerdu": 22,
        "coefCaseManquantes": 172,
        "coefHauteurRect": 64
    },
    {
        "score": 2340,
        "coefNbLigneSupp": 81,
        "coefCasePerdu": 35,
        "coefCaseManquantes": 170,
        "coefHauteurRect": 63
    },
    {
        "score": 2340,
        "coefNbLigneSupp": 69,
        "coefCasePerdu": 35,
        "coefCaseManquantes": 167,
        "coefHauteurRect": 74
    },
    {
        "score": 2340,
        "coefNbLigneSupp": 85,
        "coefCasePerdu": 37,
        "coefCaseManquantes": 159,
        "coefHauteurRect": 76
    },
    {
        "score": 2340,
        "coefNbLigneSupp": 70,
        "coefCasePerdu": 38,
        "coefCaseManquantes": 150,
        "coefHauteurRect": 60
    },
    {
        "score": 2340,
        "coefNbLigneSupp": 76,
        "coefCasePerdu": 31,
        "coefCaseManquantes": 152,
        "coefHauteurRect": 61
    },
    {
        "score": 2340,
        "coefNbLigneSupp": 67,
        "coefCasePerdu": 24,
        "coefCaseManquantes": 151,
        "coefHauteurRect": 64
    }
]