[
    {
        "score": 100000000,
        "coefNbLigneSupp": 80,
        "coefCasePerdu": 32,
        "coefCaseManquantes": 161,
        "coefHauteurRect": 72
    },
    {
        "score": 100000000,
        "coefNbLigneSupp": 76,
        "coefCasePerdu": 45,
        "coefCaseManquantes": 163,
        "coefHauteurRect": 73
    },
    {
        "score": 100000000,
        "coefNbLigneSupp": 68,
        "coefCasePerdu": 26,
        "coefCaseManquantes": 159,
        "coefHauteurRect": 82
    },
    {
        "score": 100000000,
        "coefNbLigneSupp": 79,
        "coefCasePerdu": 41,
        "coefCaseManquantes": 169,
        "coefHauteurRect": 75
    },
    {
        "score": 100000000,
        "coefNbLigneSupp": 73,
        "coefCasePerdu": 31,
        "coefCaseManquantes": 157,
        "coefHauteurRect": 75
    },
    {
        "score": 100000000,
        "coefNbLigneSupp": 92,
        "coefCasePerdu": 15,
        "coefCaseManquantes": 161,
        "coefHauteurRect": 75
    },
    {
        "score": 100000000,
        "coefNbLigneSupp": 65,
        "coefCasePerdu": 15,
        "coefCaseManquantes": 145,
        "coefHauteurRect": 63
    },
    {
        "score": 100000000,
        "coefNbLigneSupp": 75,
        "coefCasePerdu": 36,
        "coefCaseManquantes": 171,
        "coefHauteurRect": 84
    },
    {
        "score": 100000000,
        "coefNbLigneSupp": 81,
        "coefCasePerdu": 46,
        "coefCaseManquantes": 166,
        "coefHauteurRect": 84
    },
    {
        "score": 100000000,
        "coefNbLigneSupp": 83,
        "coefCasePerdu": 32,
        "coefCaseManquantes": 146,
        "coefHauteurRect": 65
    },
    {
        "score": 100000000,
        "coefNbLigneSupp": 84,
        "coefCasePerdu": 39,
        "coefCaseManquantes": 147,
        "coefHauteurRect": 69
    },
    {
        "score": 119780,
        "coefNbLigneSupp": 86,
        "coefCasePerdu": 19,
        "coefCaseManquantes": 153,
        "coefHauteurRect": 74
    },
    {
        "score": 118320,
        "coefNbLigneSupp": 89,
        "coefCasePerdu": 43,
        "coefCaseManquantes": 153,
        "coefHauteurRect": 75
    },
    {
        "score": 109820,
        "coefNbLigneSupp": 64,
        "coefCasePerdu": 40,
        "coefCaseManquantes": 174,
        "coefHauteurRect": 68
    },
    {
        "score": 108560,
        "coefNbLigneSupp": 93,
        "coefCasePerdu": 15,
        "coefCaseManquantes": 149,
        "coefHauteurRect": 77
    },
    {
        "score": 77980,
        "coefNbLigneSupp": 92,
        "coefCasePerdu": 36,
        "coefCaseManquantes": 161,
        "coefHauteurRect": 75
    },
    {
        "score": 75120,
        "coefNbLigneSupp": 71,
        "coefCasePerdu": 40,
        "coefCaseManquantes": 170,
        "coefHauteurRect": 56
    },
    {
        "score": 74000,
        "coefNbLigneSupp": 73,
        "coefCasePerdu": 22,
        "coefCaseManquantes": 170,
        "coefHauteurRect": 58
    },
    {
        "score": 58540,
        "coefNbLigneSupp": 87,
        "coefCasePerdu": 18,
        "coefCaseManquantes": 176,
        "coefHauteurRect": 64
    },
    {
        "score": 51180,
        "coefNbLigneSupp": 83,
        "coefCasePerdu": 37,
        "coefCaseManquantes": 162,
        "coefHauteurRect": 83
    },
    {
        "score": 49520,
        "coefNbLigneSupp": 76,
        "coefCasePerdu": 27,
        "coefCaseManquantes": 167,
        "coefHauteurRect": 65
    },
    {
        "score": 28280,
        "coefNbLigneSupp": 81,
        "coefCasePerdu": 24,
        "coefCaseManquantes": 155,
        "coefHauteurRect": 58
    },
    {
        "score": 28280,
        "coefNbLigneSupp": 88,
        "coefCasePerdu": 20,
        "coefCaseManquantes": 148,
        "coefHauteurRect": 56
    },
    {
        "score": 28280,
        "coefNbLigneSupp": 80,
        "coefCasePerdu": 27,
        "coefCaseManquantes": 171,
        "coefHauteurRect": 64
    },
    {
        "score": 27760,
        "coefNbLigneSupp": 80,
        "coefCasePerdu": 35,
        "coefCaseManquantes": 170,
        "coefHauteurRect": 56
    }
]