[
    {
        "score": 11620,
        "coefNbLigneSupp": 96,
        "coefCasePerdu": 75,
        "coefCaseManquantes": 154,
        "coefHauteurRect": 8
    },
    {
        "score": 11620,
        "coefNbLigneSupp": 79,
        "coefCasePerdu": 72,
        "coefCaseManquantes": 143,
        "coefHauteurRect": 8
    },
    {
        "score": 11620,
        "coefNbLigneSupp": 93,
        "coefCasePerdu": 76,
        "coefCaseManquantes": 154,
        "coefHauteurRect": 9
    },
    {
        "score": 11620,
        "coefNbLigneSupp": 90,
        "coefCasePerdu": 80,
        "coefCaseManquantes": 162,
        "coefHauteurRect": 12
    },
    {
        "score": 9280,
        "coefNbLigneSupp": 87,
        "coefCasePerdu": 89,
        "coefCaseManquantes": 150,
        "coefHauteurRect": 10
    },
    {
        "score": 3840,
        "coefNbLigneSupp": 80,
        "coefCasePerdu": 77,
        "coefCaseManquantes": 150,
        "coefHauteurRect": 0
    },
    {
        "score": 2960,
        "coefNbLigneSupp": 84,
        "coefCasePerdu": 81,
        "coefCaseManquantes": 151,
        "coefHauteurRect": 12
    },
    {
        "score": 2860,
        "coefNbLigneSupp": 88,
        "coefCasePerdu": 82,
        "coefCaseManquantes": 153,
        "coefHauteurRect": 3
    },
    {
        "score": 2860,
        "coefNbLigneSupp": 97,
        "coefCasePerdu": 76,
        "coefCaseManquantes": 162,
        "coefHauteurRect": 5
    },
    {
        "score": 2860,
        "coefNbLigneSupp": 88,
        "coefCasePerdu": 89,
        "coefCaseManquantes": 154,
        "coefHauteurRect": 2
    },
    {
        "score": 2860,
        "coefNbLigneSupp": 88,
        "coefCasePerdu": 79,
        "coefCaseManquantes": 144,
        "coefHauteurRect": 2
    },
    {
        "score": 2860,
        "coefNbLigneSupp": 78,
        "coefCasePerdu": 91,
        "coefCaseManquantes": 160,
        "coefHauteurRect": 7
    },
    {
        "score": 2860,
        "coefNbLigneSupp": 87,
        "coefCasePerdu": 80,
        "coefCaseManquantes": 143,
        "coefHauteurRect": 4
    },
    {
        "score": 2860,
        "coefNbLigneSupp": 85,
        "coefCasePerdu": 85,
        "coefCaseManquantes": 145,
        "coefHauteurRect": 1
    },
    {
        "score": 2860,
        "coefNbLigneSupp": 87,
        "coefCasePerdu": 86,
        "coefCaseManquantes": 160,
        "coefHauteurRect": 5
    },
    {
        "score": 2860,
        "coefNbLigneSupp": 92,
        "coefCasePerdu": 82,
        "coefCaseManquantes": 154,
        "coefHauteurRect": 6
    },
    {
        "score": 2860,
        "coefNbLigneSupp": 89,
        "coefCasePerdu": 75,
        "coefCaseManquantes": 155,
        "coefHauteurRect": 3
    },
    {
        "score": 940,
        "coefNbLigneSupp": 84,
        "coefCasePerdu": 77,
        "coefCaseManquantes": 152,
        "coefHauteurRect": -3
    },
    {
        "score": 740,
        "coefNbLigneSupp": 92,
        "coefCasePerdu": 84,
        "coefCaseManquantes": 147,
        "coefHauteurRect": -2
    },
    {
        "score": 740,
        "coefNbLigneSupp": 96,
        "coefCasePerdu": 82,
        "coefCaseManquantes": 162,
        "coefHauteurRect": -2
    },
    {
        "score": 740,
        "coefNbLigneSupp": 84,
        "coefCasePerdu": 83,
        "coefCaseManquantes": 158,
        "coefHauteurRect": -2
    },
    {
        "score": 740,
        "coefNbLigneSupp": 85,
        "coefCasePerdu": 73,
        "coefCaseManquantes": 148,
        "coefHauteurRect": -1
    },
    {
        "score": 680,
        "coefNbLigneSupp": 80,
        "coefCasePerdu": 85,
        "coefCaseManquantes": 143,
        "coefHauteurRect": 0
    },
    {
        "score": 80,
        "coefNbLigneSupp": 96,
        "coefCasePerdu": 81,
        "coefCaseManquantes": 158,
        "coefHauteurRect": -7
    },
    {
        "score": 80,
        "coefNbLigneSupp": 86,
        "coefCasePerdu": 87,
        "coefCaseManquantes": 162,
        "coefHauteurRect": -6
    }
]