[
    {
        "score": 6520,
        "coefNbLigneSupp": 95,
        "coefCasePerdu": 67,
        "coefCaseManquantes": 153,
        "coefHauteurRect": 9
    },
    {
        "score": 6520,
        "coefNbLigneSupp": 94,
        "coefCasePerdu": 68,
        "coefCaseManquantes": 150,
        "coefHauteurRect": 10
    },
    {
        "score": 6520,
        "coefNbLigneSupp": 99,
        "coefCasePerdu": 71,
        "coefCaseManquantes": 150,
        "coefHauteurRect": 10
    },
    {
        "score": 6520,
        "coefNbLigneSupp": 100,
        "coefCasePerdu": 72,
        "coefCaseManquantes": 150,
        "coefHauteurRect": 9
    },
    {
        "score": 4120,
        "coefNbLigneSupp": 99,
        "coefCasePerdu": 67,
        "coefCaseManquantes": 155,
        "coefHauteurRect": 5
    },
    {
        "score": 4120,
        "coefNbLigneSupp": 93,
        "coefCasePerdu": 71,
        "coefCaseManquantes": 154,
        "coefHauteurRect": 7
    },
    {
        "score": 4120,
        "coefNbLigneSupp": 95,
        "coefCasePerdu": 61,
        "coefCaseManquantes": 154,
        "coefHauteurRect": 6
    },
    {
        "score": 4120,
        "coefNbLigneSupp": 92,
        "coefCasePerdu": 66,
        "coefCaseManquantes": 156,
        "coefHauteurRect": 7
    },
    {
        "score": 4120,
        "coefNbLigneSupp": 103,
        "coefCasePerdu": 65,
        "coefCaseManquantes": 153,
        "coefHauteurRect": 8
    },
    {
        "score": 4120,
        "coefNbLigneSupp": 103,
        "coefCasePerdu": 66,
        "coefCaseManquantes": 149,
        "coefHauteurRect": 8
    },
    {
        "score": 4120,
        "coefNbLigneSupp": 96,
        "coefCasePerdu": 66,
        "coefCaseManquantes": 158,
        "coefHauteurRect": 7
    },
    {
        "score": 4120,
        "coefNbLigneSupp": 97,
        "coefCasePerdu": 69,
        "coefCaseManquantes": 156,
        "coefHauteurRect": 6
    },
    {
        "score": 4120,
        "coefNbLigneSupp": 96,
        "coefCasePerdu": 61,
        "coefCaseManquantes": 150,
        "coefHauteurRect": 5
    },
    {
        "score": 4120,
        "coefNbLigneSupp": 98,
        "coefCasePerdu": 70,
        "coefCaseManquantes": 148,
        "coefHauteurRect": 7
    },
    {
        "score": 4120,
        "coefNbLigneSupp": 93,
        "coefCasePerdu": 60,
        "coefCaseManquantes": 159,
        "coefHauteurRect": 5
    },
    {
        "score": 3760,
        "coefNbLigneSupp": 96,
        "coefCasePerdu": 61,
        "coefCaseManquantes": 160,
        "coefHauteurRect": 3
    },
    {
        "score": 1220,
        "coefNbLigneSupp": 103,
        "coefCasePerdu": 72,
        "coefCaseManquantes": 155,
        "coefHauteurRect": 1
    },
    {
        "score": 1200,
        "coefNbLigneSupp": 92,
        "coefCasePerdu": 66,
        "coefCaseManquantes": 160,
        "coefHauteurRect": 2
    },
    {
        "score": 1140,
        "coefNbLigneSupp": 92,
        "coefCasePerdu": 67,
        "coefCaseManquantes": 151,
        "coefHauteurRect": -1
    },
    {
        "score": 1140,
        "coefNbLigneSupp": 104,
        "coefCasePerdu": 71,
        "coefCaseManquantes": 159,
        "coefHauteurRect": -2
    },
    {
        "score": 1140,
        "coefNbLigneSupp": 94,
        "coefCasePerdu": 67,
        "coefCaseManquantes": 150,
        "coefHauteurRect": -1
    },
    {
        "score": 720,
        "coefNbLigneSupp": 101,
        "coefCasePerdu": 65,
        "coefCaseManquantes": 158,
        "coefHauteurRect": 0
    },
    {
        "score": 720,
        "coefNbLigneSupp": 102,
        "coefCasePerdu": 62,
        "coefCaseManquantes": 150,
        "coefHauteurRect": 0
    },
    {
        "score": 720,
        "coefNbLigneSupp": 94,
        "coefCasePerdu": 64,
        "coefCaseManquantes": 150,
        "coefHauteurRect": 0
    },
    {
        "score": 720,
        "coefNbLigneSupp": 102,
        "coefCasePerdu": 70,
        "coefCaseManquantes": 153,
        "coefHauteurRect": 0
    }
]