[
    {
        "score": 100000000,
        "coefNbLigneSupp": 92,
        "coefCasePerdu": 55,
        "coefCaseManquantes": 181,
        "coefHauteurRect": 49
    },
    {
        "score": 93820,
        "coefNbLigneSupp": 46,
        "coefCasePerdu": 92,
        "coefCaseManquantes": 171,
        "coefHauteurRect": 29
    },
    {
        "score": 92420,
        "coefNbLigneSupp": 73,
        "coefCasePerdu": 45,
        "coefCaseManquantes": 188,
        "coefHauteurRect": 13
    },
    {
        "score": 78380,
        "coefNbLigneSupp": 130,
        "coefCasePerdu": 34,
        "coefCaseManquantes": 113,
        "coefHauteurRect": 23
    },
    {
        "score": 69500,
        "coefNbLigneSupp": 90,
        "coefCasePerdu": 113,
        "coefCaseManquantes": 176,
        "coefHauteurRect": 47
    },
    {
        "score": 56540,
        "coefNbLigneSupp": 82,
        "coefCasePerdu": 43,
        "coefCaseManquantes": 103,
        "coefHauteurRect": 12
    },
    {
        "score": 54360,
        "coefNbLigneSupp": 90,
        "coefCasePerdu": 46,
        "coefCaseManquantes": 128,
        "coefHauteurRect": 40
    },
    {
        "score": 6300,
        "coefNbLigneSupp": 77,
        "coefCasePerdu": 105,
        "coefCaseManquantes": 111,
        "coefHauteurRect": 31
    },
    {
        "score": 5980,
        "coefNbLigneSupp": 64,
        "coefCasePerdu": 93,
        "coefCaseManquantes": 110,
        "coefHauteurRect": 32
    },
    {
        "score": 3700,
        "coefNbLigneSupp": 88,
        "coefCasePerdu": 82,
        "coefCaseManquantes": 153,
        "coefHauteurRect": 3
    },
    {
        "score": 3500,
        "coefNbLigneSupp": 106,
        "coefCasePerdu": 73,
        "coefCaseManquantes": 192,
        "coefHauteurRect": 8
    },
    {
        "score": 3320,
        "coefNbLigneSupp": 45,
        "coefCasePerdu": 118,
        "coefCaseManquantes": 154,
        "coefHauteurRect": 14
    },
    {
        "score": 3100,
        "coefNbLigneSupp": 94,
        "coefCasePerdu": 111,
        "coefCaseManquantes": 145,
        "coefHauteurRect": 15
    },
    {
        "score": 2700,
        "coefNbLigneSupp": 103,
        "coefCasePerdu": 129,
        "coefCaseManquantes": 167,
        "coefHauteurRect": 5
    },
    {
        "score": 2700,
        "coefNbLigneSupp": 56,
        "coefCasePerdu": 123,
        "coefCaseManquantes": 134,
        "coefHauteurRect": 1
    },
    {
        "score": 200,
        "coefNbLigneSupp": 74,
        "coefCasePerdu": 118,
        "coefCaseManquantes": 119,
        "coefHauteurRect": -3
    },
    {
        "score": 80,
        "coefNbLigneSupp": 128,
        "coefCasePerdu": 129,
        "coefCaseManquantes": 147,
        "coefHauteurRect": -15
    },
    {
        "score": 80,
        "coefNbLigneSupp": 45,
        "coefCasePerdu": 130,
        "coefCaseManquantes": 185,
        "coefHauteurRect": -13
    },
    {
        "score": 80,
        "coefNbLigneSupp": 119,
        "coefCasePerdu": 51,
        "coefCaseManquantes": 199,
        "coefHauteurRect": -15
    },
    {
        "score": 40,
        "coefNbLigneSupp": 46,
        "coefCasePerdu": 102,
        "coefCaseManquantes": 157,
        "coefHauteurRect": -27
    },
    {
        "score": 0,
        "coefNbLigneSupp": 128,
        "coefCasePerdu": 36,
        "coefCaseManquantes": 142,
        "coefHauteurRect": -44
    },
    {
        "score": 0,
        "coefNbLigneSupp": 97,
        "coefCasePerdu": 32,
        "coefCaseManquantes": 117,
        "coefHauteurRect": -36
    },
    {
        "score": 0,
        "coefNbLigneSupp": 56,
        "coefCasePerdu": 74,
        "coefCaseManquantes": 183,
        "coefHauteurRect": -43
    },
    {
        "score": 0,
        "coefNbLigneSupp": 117,
        "coefCasePerdu": 70,
        "coefCaseManquantes": 143,
        "coefHauteurRect": -37
    },
    {
        "score": 0,
        "coefNbLigneSupp": 56,
        "coefCasePerdu": 83,
        "coefCaseManquantes": 115,
        "coefHauteurRect": -39
    }
]